Date (date),Country Name (country_name),ISO Alpha 3 Code (alpha_3_code),Country Code (country_code),Region Name (region),Region Code (region_code),Sub-Region Name (sub_region),Sub-Region Code (sub_region_code),Harmonized System Code (hs_code),Commodity Name (commodity),Unit of Quantity (unit),Quantity of commodity (value_qt),Value of commodity quantity in INR (value_rs),Value of commodity quantity in US Dollars (value_dl)
"2024-07-01","Argentina","ARG","32","Americas","19","Latin America and the Caribbean","419","68159990","Others","Kgs","36.0","49.32","0.06"
"2024-01-01","Mexico","MEX","484","Americas","19","Latin America and the Caribbean","419","84671900","Others Pneumatic Tools","Nos","1.61","66.19","0.08"
"2024-02-01","United States of America","USA","840","Americas","19","Northern America","21","34060010","Candles","Kgs","644.68","1977.13","2.38"
"2016-05-01","Colombia","COL","170","Americas","19","Latin America and the Caribbean","419","52114200","Denim Of Yarns Of Different Colour Of Mxd Cotn Fabrics Weighing>200 Gsm","Sqm","469.17","600.96","0.9"
"2016-06-01","Canada","CAN","124","Americas","19","Northern America","21","21069030","Betel Nut Product Known As Supari","Kgs","1.32","5.75","0.01"
"2018-09-01","Brazil","BRA","076","Americas","19","Latin America and the Caribbean","419","88051020","Deck Arrestor Or Similar Gear","Nos","0.03","0.1","0.0"
"2016-03-01","United States of America","USA","840","Americas","19","Northern America","21","73229090","Parts Of Air Heaters And Air Distributors","Kgs","18.21","46.88","0.07"
"2018-09-01","Canada","CAN","124","Americas","19","Northern America","21","30049071","Captopril, Enalapril, Lisinopril, Perindopril And Ramipril","Kgs","3.4","127.92","0.18"
"2021-09-01","Canada","CAN","124","Americas","19","Northern America","21","33049910","Creams Face (Excl Turmaric)","Kgs","8.49","105.19","0.14"
"2023-10-01","Canada","CAN","124","Americas","19","Northern America","21","12119056","Basil,Hyasop,Rose Mary Sage,Savory","Kgs","1.35","2.42","0.0"
"2019-09-01","Cayman Islands","CYM","136","Americas","19","Latin America and the Caribbean","419","61178030","Othr Clotng Accessoris Of Cotton","Nos","0.12","0.34","0.0"
"2023-04-01","Canada","CAN","124","Americas","19","Northern America","21","87081010","Bumpers Etc For Tractors","Kgs","2.03","5.74","0.01"
"2023-03-01","Brazil","BRA","76","Americas","19","Latin America and the Caribbean","419","85123010","Horns","Nos","9.57","12.65","0.02"
"2020-04-01","Mexico","MEX","484","Americas","19","Latin America and the Caribbean","419","72230091","Wire Of Stainls Stl Thicker Than 1.5 Mm","Kgs","18.0","35.4","0.05"
"2023-05-01","Colombia","COL","170","Americas","19","Latin America and the Caribbean","419","27101989","Other Cutting Oil, Hydraulic Oil, Industrial White Oil, Jute Batching Oil, Mineral Oil For Cosmetic Industry","Kgs","133.25","121.8","0.15"
"2024-03-01","Chile","CHL","152","Americas","19","Latin America and the Caribbean","419","87081090","Bumpers Etc For Othr Vhcls","Kgs","3.4","29.18","0.04"
"2018-07-01","Colombia","COL","170","Americas","19","Latin America and the Caribbean","419","39172190","Others","Kgs","0.45","1.14","0.0"
"2019-08-01","Mexico","MEX","484","Americas","19","Latin America and the Caribbean","419","84145990","Others","Nos","77.57","106.37","0.15"
"2022-02-01","United States of America","USA","840","Americas","19","Northern America","21","85361040","High Rupturing Capacity Fuses","Nos","37.14","49.96","0.07"
"2020-11-01","Trinidad and Tobago","TTO","780","Americas","19","Latin America and the Caribbean","419","84314310","Prts Of Borng/Snkng Mchnry,Slf-Prpld","Kgs","0.03","0.52","0.0"
"2020-05-01","Dominican Republic","DOM","214","Americas","19","Latin America and the Caribbean","419","32041989","Other Food Colouring","Kgs","0.23","1.8","0.0"
"2015-05-01","Canada","CAN","124","Americas","19","Northern America","21","63029190","Other Bed Linen, Table Lenen, Toilet Linen, Kitchen Linen: Of Cotton, Other Than Handloom","Kgs","4.63","35.36","0.06"
"2020-06-01","Dominican Republic","DOM","214","Americas","19","Latin America and the Caribbean","419","52052310","Grey","Kgs","21.32","43.2","0.06"
"2023-04-01","United States of America","USA","840","Americas","19","Northern America","21","8061000","Grapes Fresh","Kgs","63.46","115.22","0.14"
"2019-08-01","Mexico","MEX","484","Americas","19","Latin America and the Caribbean","419","90191090","Others","Nos","5.0","0.44","0.0"
"2023-06-01","Colombia","COL","170","Americas","19","Latin America and the Caribbean","419","52083230","Shirting Fabrics","Sqm","40.1","41.14","0.05"
"2017-07-01","Canada","CAN","124","Americas","19","Northern America","21","94054090","*Other Electric Lamps And Lighting Fittings","Nos","1.76","0.33","0.0"
"2016-09-01","Brazil","BRA","076","Americas","19","Latin America and the Caribbean","419","38249021","*Electroplating Salts (Mixed)","Kgs","8.16","20.93","0.03"
"2024-03-01","United States of America","USA","840","Americas","19","Northern America","21","62112000","Ski Suits","Nos","0.12","14.5","0.02"
"2021-09-01","Argentina","ARG","032","Americas","19","Latin America and the Caribbean","419","64039910","Leather Sandals With Rubber Sole","Prs","1.12","3.48","0.0"
"2016-11-01","United States of America","USA","840","Americas","19","Northern America","21","29394200","Pseudoephedrine (Inn) And Its Salts (Alkaloids Of Ephedra And Their Derivatives; Salts Their Of)","Kgs","0.11","3.87","0.01"
"2015-04-01","Argentina","ARG","32","Americas","19","Latin America and the Caribbean","419","29225090","Other Frusemide Aminodial Domperidone","Kgs","0.7","5.8","0.01"
"2021-03-01","United States of America","USA","840","Americas","19","Northern America","21","32041529","Other Vat Orange","Kgs","1.0","24.77","0.03"
"2022-04-01","Canada","CAN","124","Americas","19","Northern America","21","9041200","Crushed Or Ground Pepper","Kgs","86.83","435.66","0.57"
"2023-07-01","United States of America","USA","840","Americas","19","Northern America","21","82053000","Planes,Chisels,Gauges And Smlr Cutting Toolsfor Working Wood","Nos","189.7","271.62","0.33"
"2017-02-01","Chile","CHL","152","Americas","19","Latin America and the Caribbean","419","94049091","*Othr Matress Suport Filld Wth Fethrs/Down","Kgs","0.7","6.34","0.01"
"2016-12-01","Canada","CAN","124","Americas","19","Northern America","21","20083090","Other Citrus Fruits Prepared Or Preserved","Kgs","0.5","0.91","0.0"
"2022-11-01","Peru","PER","604","Americas","19","Latin America and the Caribbean","419","84248200","Agricultural Or Hoticultural Mchncl Applncs","Nos","0.0","44.44","0.05"
"2022-06-01","United States of America","USA","840","Americas","19","Northern America","21","55169110","Othr Mxd Wvn Fbrc Of Artfcl Stpl Fibres , Unblchd","Sqm","0.08","0.31","0.0"
"2021-05-01","Peru","PER","604","Americas","19","Latin America and the Caribbean","419","29051420","Salbutamol Sulphate","Kgs","0.0","0.67","0.0"
"2018-08-01","United States of America","USA","840","Americas","19","Northern America","21","42022910","Hnbgs Of Othr Mtrls Excl Wkrwrk/Bskt Wrk","Nos","118.08","554.17","0.8"
"2017-01-01","Mexico","MEX","484","Americas","19","Latin America and the Caribbean","419","32041759","Others Pigment Blue","Kgs","44.82","184.64","0.27"
"2016-06-01","Brazil","BRA","76","Americas","19","Latin America and the Caribbean","419","60032000","Fbrcs Of Cotton","Kgs","6.0","8.94","0.01"
"2016-09-01","United States of America","USA","840","Americas","19","Northern America","21","82159900","Othr Articles Not In Sets","Kgs","230.45","613.35","0.92"
"2023-11-01","Mexico","MEX","484","Americas","19","Latin America and the Caribbean","419","25140000","Slate W/N Roughly Trmmd/Merely Cut By Sawing/Othrwse Into Blks/Slbs Of A Rctnglr And Sq Shape","Kgs","75.5","18.68","0.02"
"2015-03-01","United States of America","USA","840","Americas","19","Northern America","21","84833000","Bearing Housungs,Not Incorporating Ball Or Roller Bearings;Plain Shaft Bearings","Nos","26.59","187.09","0.3"
"2023-08-01","United States of America","USA","840","Americas","19","Northern America","21","84839000","Parts Of The Items Of Hdg 8483","Nos","683.99","5401.98","6.53"
"2024-07-01","El Salvador","SLV","222","Americas","19","Latin America and the Caribbean","419","30049031","Promethazine, Chlorpheniramine, Astemizole And Ceteirizine","Kgs","0.14","5.76","0.01"
"2023-12-01","United States of America","USA","840","Americas","19","Northern America","21","44119229","Other Board","Kgs","3.1","23.24","0.03"
"2022-05-01","United States of America","USA","840","Americas","19","Northern America","21","29159040","Pivaloyl Chloride","Kgs","19.0","63.45","0.08"
"2022-04-01","United States of America","USA","840","Americas","19","Northern America","21","61042300","Ensembles Of Synthetic Fibres","Nos","0.12","4.23","0.01"
"2020-06-01","Chile","CHL","152","Americas","19","Latin America and the Caribbean","419","85365090","Othr Switches","Nos","0.18","0.73","0.0"
"2021-02-01","United States of America","USA","840","Americas","19","Northern America","21","74199930","*Articles Of Brass","Kgs","574.79","4647.2","6.39"
"2015-10-01","Colombia","COL","170","Americas","19","Latin America and the Caribbean","419","33059040","Hair Dyes ( Natural,Herbal 0R Synthetic )","Kgs","1.2","4.49","0.01"
"2023-04-01","Canada","CAN","124","Americas","19","Northern America","21","44182190","Other[Of Tropical Wood:(Doors And Their Frames And Thresholds:)]","Kgs","0.2","1.37","0.0"
"2023-04-01","Brazil","BRA","76","Americas","19","Latin America and the Caribbean","419","74122019","0Thr Tube Or Pipe Ftngs Of Brass","Kgs","0.01","0.3","0.0"
"2018-10-01","Argentina","ARG","32","Americas","19","Latin America and the Caribbean","419","39069090","Others Acrylic Polymers In Primary Forms Excl. Poly (Methyl Methacrylate","Kgs","7.0","10.51","0.01"
"2022-03-01","Paraguay","PRY","600","Americas","19","Latin America and the Caribbean","419","73069011","Erw Precision Other Tubes Made Up Of Iron","Kgs","10.17","18.51","0.02"
"2023-02-01","Brazil","BRA","76","Americas","19","Latin America and the Caribbean","419","73251000","Othr Articles Of Non-Malleable Cast Iron","Kgs","1.12","6.07","0.01"
"2024-02-01","Canada","CAN","124","Americas","19","Northern America","21","82119390","Other Knives","Kgs","0.3","1.94","0.0"
"2019-03-01","Peru","PER","604","Americas","19","Latin America and the Caribbean","419","84619000","0Ther Machine Tools Of Hdg No 8461","Nos","0.07","6.67","0.01"
"2023-10-01","United States of America","USA","840","Americas","19","Northern America","21","82055990","Othr Hnd Tool Incl Glaziers Diamonds Nes","Nos","500.35","2247.42","2.7"
"2022-05-01","Brazil","BRA","76","Americas","19","Latin America and the Caribbean","419","29339990","Other","Kgs","12.02","1668.73","2.16"
"2023-08-01","Nicaragua","NIC","558","Americas","19","Latin America and the Caribbean","419","90211000","Orthopeaedic Or Fracture Appliances","Nos","1.68","7.18","0.01"
"2015-12-01","Guyana","GUY","328","Americas","19","Latin America and the Caribbean","419","30049087","Antibacterial Formulations, N.E.S.","Kgs","0.1","0.41","0.0"
"2023-10-01","Peru","PER","604","Americas","19","Latin America and the Caribbean","419","85044090","Others","Nos","0.01","0.49","0.0"
"2016-06-01","Ecuador","ECU","218","Americas","19","Latin America and the Caribbean","419","40116200","*New Pnmtc Tyres Used On Constrn Or Industrvehicle/Machine Having"Hearing- Bone" Or Similar Trea","Nos","0.14","46.61","0.07"
"2021-12-01","Chile","CHL","152","Americas","19","Latin America and the Caribbean","419","30045020","Mineral And Parenteral Nutritional Spplmnts/Contng Calsium Slts Wth Vtmn In Tablts Etc","Kgs","1.7","18.93","0.03"
"2024-03-01","United States of America","USA","840","Americas","19","Northern America","21","90011000","Optcl Fibrs,Optical Fibre Bundles And Cables","Kgs","244.55","4521.45","5.45"
"2015-07-01","Brazil","BRA","076","Americas","19","Latin America and the Caribbean","419","84249000","Parts Of Mechanical Appliances","Kgs","0.02","0.24","0.0"
"2024-05-01","Antigua and Barbuda","ATG","28","Americas","19","Latin America and the Caribbean","419","30049069","Other Nonsteroidal Antiinflamatory, Analgestics And Antipyratic Drugs","Kgs","0.01","0.4","0.0"
"2021-02-01","Brazil","BRA","076","Americas","19","Latin America and the Caribbean","419","63049299","Other Furnishing Acricles","Nos","43.78","34.59","0.05"
"2018-04-01","Guatemala","GTM","320","Americas","19","Latin America and the Caribbean","419","33021090","Other Mxtr Of Odorfrs Sbstns Of A Kind Usdkind Usd In Food/Drink Industries","Kgs","0.21","2.29","0.0"
"2019-11-01","Cuba","CUB","192","Americas","19","Latin America and the Caribbean","419","62114300","Other Garments Of Man-Made Fibres","Nos","2.48","1.55","0.0"
"2016-09-01","United States of America","USA","840","Americas","19","Northern America","21","9011139","Coffee Rob Parchment Other Grade","Kgs","2.0","3.91","0.01"
"2017-12-01","Chile","CHL","152","Americas","19","Latin America and the Caribbean","419","82130000","Scisors Tailrs Shears And Simlr Shears And Blades Therefor","Kgs","0.3","4.32","0.01"
"2020-08-01","United States of America","USA","840","Americas","19","Northern America","21","52085990","Shirting Fabrics","Sqm","20.95","31.13","0.04"
"2023-10-01","Canada","CAN","124","Americas","19","Northern America","21","84631090","Others","Nos","0.06","5.13","0.01"
"2018-02-01","United States of America","USA","840","Americas","19","Northern America","21","53092920","Printed Wovn Fabrics Contng Flax <85%","Sqm","0.12","1.52","0.0"
"2022-04-01","Mexico","MEX","484","Americas","19","Latin America and the Caribbean","419","49019900","Othr Printd Books Etc Of Hd No. 4901","Nos","64.0","34.47","0.05"
"2022-09-01","Canada","CAN","124","Americas","19","Northern America","21","9023030","Black Tea In Packt>1 Kg But<= 3 Kg","Kgs","0.23","6.73","0.01"
"2023-12-01","United States of America","USA","840","Americas","19","Northern America","21","20089999","Other Fruits Prepared/Preserved","Kgs","447.87","552.8","0.66"
"2019-06-01","Colombia","COL","170","Americas","19","Latin America and the Caribbean","419","85122020","Automobile Lighting Eqpmnt","Nos","2.55","3.61","0.01"
"2023-07-01","Canada","CAN","124","Americas","19","Northern America","21","62045290","Skirts And Divided Skirts Of Cotton - Other","Nos","3.65","20.13","0.02"
"2020-11-01","Canada","CAN","124","Americas","19","Northern America","21","86072900","Othr Brakes And Parts Thereof","Kgs","2.7","34.71","0.05"
"2016-05-01","Mexico","MEX","484","Americas","19","Latin America and the Caribbean","419","85177090","*Othr Parts Of Telephonc/Telegrphc Apparts","Kgs","0.35","93.36","0.14"
"2023-06-01","United States of America","USA","840","Americas","19","Northern America","21","22029990","Other","Ltr","31.21","50.18","0.06"
"2020-07-01","Colombia","COL","170","Americas","19","Latin America and the Caribbean","419","84835090","Others","Nos","0.2","0.69","0.0"
"2023-12-01","Canada","CAN","124","Americas","19","Northern America","21","33071090","Other Pre Or After Shave Prepns","Kgs","0.01","0.09","0.0"
"2020-03-01","United States of America","USA","840","Americas","19","Northern America","21","90173022","Gauges,Ring","Nos","0.21","12.83","0.02"
"2018-02-01","Chile","CHL","152","Americas","19","Latin America and the Caribbean","419","42022910","Hnbgs Of Othr Mtrls Excl Wkrwrk/Bskt Wrk","Nos","0.86","0.19","0.0"
"2016-01-01","United States of America","USA","840","Americas","19","Northern America","21","21012010","Instant Tea","Kgs","137.64","543.29","0.81"
"2020-11-01","Uruguay","URY","858","Americas","19","Latin America and the Caribbean","419","67030010","Human Hair Dressed Or Otherwise Worked","Kgs","0.01","0.5","0.0"
"2019-01-01","Peru","PER","604","Americas","19","Latin America and the Caribbean","419","62069000","Blouses,Shirts Etc Of Othr Txtl Materials","Nos","1.4","4.93","0.01"
"2024-04-01","Argentina","ARG","32","Americas","19","Latin America and the Caribbean","419","28273200","Chlorides Of Aluminium","Kgs","0.15","0.69","0.0"
"2018-06-01","Mexico","MEX","484","Americas","19","Latin America and the Caribbean","419","82055930","Hand T00Ls F0R Specified Uses, Such As,Watch Makng T00Ls,G0Ldsmith Tools","Kgs","1.52","8.6","0.01"
"2018-06-01","Brazil","BRA","76","Americas","19","Latin America and the Caribbean","419","32041984","Food Colouring Red 9 (Amaranth)","Kgs","19.2","83.58","0.12"
"2015-07-01","United States of America","USA","840","Americas","19","Northern America","21","33061010","Tooth Powder","Kgs","0.15","0.51","0.0"
"2020-05-01","United States of America","USA","840","Americas","19","Northern America","21","27121090","Other Petroleum Jelly","Kgs","365.23","440.78","0.58"
"2016-08-01","Virgin Islands (U.S.)","VIR","850","Americas","19","Latin America and the Caribbean","419","62042919","Othr Ensembles Of Othr Txtl Matrals Of Slk","Nos","0.42","0.43","0.0"
"2024-05-01","Mexico","MEX","484","Americas","19","Latin America and the Caribbean","419","85412900","Other Transistor,Other Than Photosensitive Transistors","Nos","163.77","7.15","0.01"
"2018-04-01","Canada","CAN","124","Americas","19","Northern America","21","85423900","Other","Nos","0.53","0.23","0.0"
"2020-01-01","United States of America","USA","840","Americas","19","Northern America","21","84333000","Other Haymaking Machinery","Nos","0.01","0.42","0.0"
"2021-07-01","Ecuador","ECU","218","Americas","19","Latin America and the Caribbean","419","84849000","Othr Gaskets And Smlr Joints Of Metal","Kgs","0.02","0.66","0.0"
"2022-07-01","United States of America","USA","840","Americas","19","Northern America","21","48030090","Other Tissue Paper","Kgs","210.22","416.71","0.52"
"2021-12-01","United States of America","USA","840","Americas","19","Northern America","21","90189099","Othr Srgcl Instrmnts And Applncs (Incl Vtrnry)","Nos","170.78","776.69","1.03"
"2020-05-01","Ecuador","ECU","218","Americas","19","Latin America and the Caribbean","419","48025790","Other Paper","Kgs","25.0","13.96","0.02"
"2022-03-01","United States of America","USA","840","Americas","19","Northern America","21","42023990","Others","Nos","190.01","479.77","0.63"
"2022-02-01","United States of America","USA","840","Americas","19","Northern America","21","84822090","Other Tapered Rolled Bearings","Nos","579.78","2764.15","3.69"
"2024-06-01","Guatemala","GTM","320","Americas","19","Latin America and the Caribbean","419","84798999","Other","Nos","0.01","2.56","0.0"
"2019-01-01","Brazil","BRA","76","Americas","19","Latin America and the Caribbean","419","52094200","Denim","Sqm","19.08","40.8","0.06"
"2016-05-01","Haiti","HTI","332","Americas","19","Latin America and the Caribbean","419","27121090","Other Petroleum Jelly","Kgs","69.0","53.37","0.08"
"2019-03-01","Colombia","COL","170","Americas","19","Latin America and the Caribbean","419","52121500","Othr Prntd Woven Fbrcs Wghng <=200 G/M2","Sqm","1.15","1.49","0.0"
"2019-08-01","Jamaica","JAM","388","Americas","19","Latin America and the Caribbean","419","69120040","Clay Articls As Tableware, Kitchenware Etc","Kgs","0.6","1.15","0.0"
"2024-06-01","Dominican Republic","DOM","214","Americas","19","Latin America and the Caribbean","419","30049035","Dicyclomine, Metoclopramide And Dexame Thasone And Ondansetron","Kgs","0.21","5.3","0.01"
"2022-10-01","United States of America","USA","840","Americas","19","Northern America","21","90328990","Othr Atmtc Rgltng/Cntrlng Instrmntsandapprts","Nos","149.13","2682.57","3.26"
"2020-09-01","Dominican Republic","DOM","214","Americas","19","Latin America and the Caribbean","419","87141090","Parts And Accessories Of Motorcycle Excl. Saddle","Kgs","2.29","23.28","0.03"
"2018-02-01","Honduras","HND","340","Americas","19","Latin America and the Caribbean","419","63049260","Towel Orht Thn Terry Of Cotn, Ntkntd/Crcht","Nos","1.73","1.12","0.0"
"2016-08-01","Colombia","COL","170","Americas","19","Latin America and the Caribbean","419","52052110","Grey","Kgs","20.96","42.43","0.06"
"2023-08-01","Brazil","BRA","76","Americas","19","Latin America and the Caribbean","419","25030090","Other Sulphur","Kgs","273.4","324.32","0.39"
"2022-08-01","Peru","PER","604","Americas","19","Latin America and the Caribbean","419","84679200","Parts Of Pneumatic Tools","Kgs","5.29","108.36","0.14"
"2015-04-01","Uruguay","URY","858","Americas","19","Latin America and the Caribbean","419","32021000","Synthetic Organic Tanning Substances","Kgs","36.0","14.53","0.02"
"2016-04-01","United States of America","USA","840","Americas","19","Northern America","21","58109210","Embroidery Badges, Mdtifs And The Like","Kgs","9.97","199.85","0.3"
"2022-04-01","Chile","CHL","152","Americas","19","Latin America and the Caribbean","419","29161590","Other Oleic Linoleic Acids And Their Salts Andestrs","Kgs","2.2","5.76","0.01"
"2023-12-01","Honduras","HND","340","Americas","19","Latin America and the Caribbean","419","38099190","Othr Finish Agents Used In Txtile Industry","Kgs","9.0","47.97","0.06"
"2019-03-01","Ecuador","ECU","218","Americas","19","Latin America and the Caribbean","419","40169340","Gaskets","Kgs","0.06","0.41","0.0"
"2023-06-01","United States of America","USA","840","Americas","19","Northern America","21","87149290","Others","Nos","8.8","0.42","0.0"
"2019-11-01","Brazil","BRA","76","Americas","19","Latin America and the Caribbean","419","76130029","Other High Pressure Cylinder","Kgs","2.76","14.61","0.02"
"2018-10-01","Colombia","COL","170","Americas","19","Latin America and the Caribbean","419","29173920","Dioctl Phthalate","Kgs","4.0","4.48","0.01"
"2019-10-01","Haiti","HTI","332","Americas","19","Latin America and the Caribbean","419","87112029","Motr Cyclwth Cylndr Cpcty >75 Bt<=250 Cc","Nos","0.3","96.04","0.14"
"2016-07-01","Colombia","COL","170","Americas","19","Latin America and the Caribbean","419","52103190","Others","Sqm","25.14","28.16","0.04"
"2021-12-01","United States of America","USA","840","Americas","19","Northern America","21","69141000","Othr Cermc Artcls Of Porcelain/China","Kgs","9.55","29.04","0.04"
"2016-07-01","Chile","CHL","152","Americas","19","Latin America and the Caribbean","419","90303100","Multimeters","Nos","0.0","0.59","0.0"
"2017-08-01","United States of America","USA","840","Americas","19","Northern America","21","55151190","Fbrc Of Polstr,Mxd Wth Viscos Ryon,Othrs","Sqm","4.97","11.51","0.02"
"2016-09-01","Canada","CAN","124","Americas","19","Northern America","21","84249000","Parts Of Mechanical Appliances","Kgs","0.54","13.59","0.02"
"2019-03-01","Paraguay","PRY","600","Americas","19","Latin America and the Caribbean","419","58062000","Othr Narrow Wvn Fbrcs Cntng By Wt 5% Or More Of Elastomrc Yrn/Rubr Thrd","Kgs","0.03","0.21","0.0"
"2022-10-01","Chile","CHL","152","Americas","19","Latin America and the Caribbean","419","44209090","Others","Kgs","0.04","0.55","0.0"
"2019-04-01","Argentina","ARG","32","Americas","19","Latin America and the Caribbean","419","95069980","Other Guards","Nos","26.11","14.82","0.02"
"2021-12-01","United States of America","USA","840","Americas","19","Northern America","21","85171219","Mobile Phones, Push Button Type","Nos","0.01","0.85","0.0"
"2020-11-01","Argentina","ARG","32","Americas","19","Latin America and the Caribbean","419","72221111","Bright Bars-Chromium Type","Kgs","40.44","163.36","0.22"
"2023-11-01","United States of America","USA","840","Americas","19","Northern America","21","29303000","Thiuram Mono-,Di-Or Tetrasulphides","Kgs","5.6","18.34","0.02"
"2017-04-01","Canada","CAN","124","Americas","19","Northern America","21","28352500","Calcium Hydrogenortho Phosphate (Dicalcium Phosphate","Kgs","7.4","11.6","0.02"
"2015-02-01","Ecuador","ECU","218","Americas","19","Latin America and the Caribbean","419","54071035","Dyed Othr Nylon/Polyamide Fbrcs ( Filament )","Sqm","9.79","25.11","0.04"
"2020-12-01","Mexico","MEX","484","Americas","19","Latin America and the Caribbean","419","84439100","Parts And Accessories Of Printing Machinery Used For Printing By Means Of Plates, Cylinders And Other Printing","Kgs","0.12","3.61","0.0"
"2023-04-01","Canada","CAN","124","Americas","19","Northern America","21","85334030","Thermistors","Nos","0.48","25.06","0.03"
"2016-04-01","United States of America","USA","840","Americas","19","Northern America","21","85151900","0Thr Brazing/Soldering Machinesand Apparatus","Nos","0.02","3.82","0.01"
"2020-03-01","Canada","CAN","124","Americas","19","Northern America","21","58071090","Wvn Labls Badgs Etc Of Other Txtl Matrls","Kgs","0.02","1.34","0.0"
"2019-08-01","Paraguay","PRY","600","Americas","19","Latin America and the Caribbean","419","84229090","Parts Of Other Machinery","Kgs","0.0","0.22","0.0"
"2019-12-01","Mexico","MEX","484","Americas","19","Latin America and the Caribbean","419","90251990","Others","Nos","0.03","0.43","0.0"
"2021-03-01","Colombia","COL","170","Americas","19","Latin America and the Caribbean","419","29334900","Othe Cmpnds Cntng In Structure A Quinolineor Isoquinoline Ring System (W/N Hydrgntd),Not Further Fused","Kgs","16.68","214.48","0.29"
"2019-11-01","Mexico","MEX","484","Americas","19","Latin America and the Caribbean","419","57024990","Othr Flr Cvrngs","Sqm","1.35","6.95","0.01"
"2022-06-01","Canada","CAN","124","Americas","19","Northern America","21","12119099","*Other Plants And Parts Of Plants Usd In Prfmry, Pharmcy, Insecticdl/Fungicdl Purpse, Fresh/Dried","Kgs","9.08","40.23","0.05"
"2015-02-01","United States of America","USA","840","Americas","19","Northern America","21","96180000","Talrsdumis And Othrlay Fgrs;Autmta And Othr Anmtd Displays Used Fr Shop Window Drssng","Kgs","3.4","49.09","0.08"
"2019-07-01","Brazil","BRA","076","Americas","19","Latin America and the Caribbean","419","39011010","Linear L0W Density P0Lyethylene (Lldpe)","Kgs","154.0","102.1","0.15"
"2024-03-01","United States of America","USA","840","Americas","19","Northern America","21","62029010","Overcoats,Raincoats,Carcoats,Capes Cloaks And Smlr Artcls","Nos","0.37","21.53","0.03"
"2015-05-01","Canada","CAN","124","Americas","19","Northern America","21","9103090","Other Turmeric","Kgs","0.44","1.23","0.0"
"2015-12-01","United States of America","USA","840","Americas","19","Northern America","21","68042390","Others Including Finishied Parts","Kgs","1.0","2.33","0.0"
"2019-12-01","Canada","CAN","124","Americas","19","Northern America","21","39202090","Pltes Shts Of Polymrs Of Propyln Nes","Kgs","37.51","99.29","0.14"
"2017-05-01","Guatemala","GTM","320","Americas","19","Latin America and the Caribbean","419","32041984","Food Colouring Red 9 (Amaranth)","Kgs","3.5","17.03","0.03"
"2022-02-01","Uruguay","URY","858","Americas","19","Latin America and the Caribbean","419","33019029","Oleoresines Of Spices N.E.S.,","Kgs","0.15","8.64","0.01"
"2015-11-01","Colombia","COL","170","Americas","19","Latin America and the Caribbean","419","85049090","Prts Of Othr Electric Pwr Mchnry Of Hd8504Power Machinery Of Hdg 8504","Kgs","0.01","0.33","0.0"
"2022-01-01","Mexico","MEX","484","Americas","19","Latin America and the Caribbean","419","84833000","Bearing Housungs,Not Incorporating Ball Or Roller Bearings;Plain Shaft Bearings","Nos","5.1","14.54","0.02"
"2021-11-01","Brazil","BRA","76","Americas","19","Latin America and the Caribbean","419","49111010","Posters, Printed","Kgs","0.1","0.21","0.0"
"2019-08-01","Dominican Republic","DOM","214","Americas","19","Latin America and the Caribbean","419","39202090","Pltes Shts Of Polymrs Of Propyln Nes","Kgs","2.53","3.12","0.0"
"2021-09-01","Uruguay","URY","858","Americas","19","Latin America and the Caribbean","419","62045200","Skirts And Divided Skirts Of Cotton","Nos","1.19","3.17","0.0"
"2016-05-01","Honduras","HND","340","Americas","19","Latin America and the Caribbean","419","85021100","Genrtng Sets Wth Cmprssn Igntn Intrnl Cmbstn Pstn Engns(Diesl/Semi-Diesl Engns) Of An Output Nt Excdng 75 Kva","Nos","0.04","213.22","0.32"
"2019-04-01","United States of America","USA","840","Americas","19","Northern America","21","39211200","Pltes Etc Of Polymrs Of Vinyl Chlorde","Kgs","739.98","978.45","1.41"
"2022-11-01","Peru","PER","604","Americas","19","Latin America and the Caribbean","419","95059090","Others(Crnvl And Entrtnmnt Artcls Etc)","Kgs","0.03","0.48","0.0"
"2017-03-01","Brazil","BRA","076","Americas","19","Latin America and the Caribbean","419","39081010","*Nylon Moulding Powder","Kgs","44.75","88.93","0.13"
"2019-08-01","Peru","PER","604","Americas","19","Latin America and the Caribbean","419","63071020","Floor-Cloth And The Like Of Manmade Fibre","Kgs","0.02","0.08","0.0"
"2019-10-01","Chile","CHL","152","Americas","19","Latin America and the Caribbean","419","13021919","Other Extracts","Kgs","0.01","0.15","0.0"
"2023-02-01","Mexico","MEX","484","Americas","19","Latin America and the Caribbean","419","63023100","Other Bed Linen Of Cotton","Kgs","42.96","465.54","0.56"
"2015-01-01","Trinidad and Tobago","TTO","780","Americas","19","Latin America and the Caribbean","419","95066990","Others","Nos","0.02","0.32","0.0"
"2020-08-01","United States of America","USA","840","Americas","19","Northern America","21","38151290","Others","Kgs","20.64","661.41","0.89"
"2024-06-01","Peru","PER","604","Americas","19","Latin America and the Caribbean","419","30042069","Other Macrolide","Kgs","5.63","37.91","0.05"
"2015-04-01","United States of America","USA","840","Americas","19","Northern America","21","84798100","Mchns And Mchncl Applncs Fr Treatng Mtl,Inc Elctrc/Wire Coil-Winders","Nos","0.02","40.39","0.06"
"2024-01-01","Honduras","HND","340","Americas","19","Latin America and the Caribbean","419","39219094","Othr Plts,Shts,Film Foil,Strip Etc Nes Flexible, Metallised","Kgs","108.92","186.1","0.22"
"2024-05-01","Chile","CHL","152","Americas","19","Latin America and the Caribbean","419","39069090","Others Acrylic Polymers In Primary Forms Excl. Poly (Methyl Methacrylate","Kgs","314.0","565.83","0.68"
"2021-08-01","Uruguay","URY","858","Americas","19","Latin America and the Caribbean","419","32041719","Others Pigment Yellow (Organic)","Kgs","0.4","3.66","0.0"
"2018-01-01","Dominican Republic","DOM","214","Americas","19","Latin America and the Caribbean","419","39181090","Other Polymers Of Venyl Chloride","Kgs","25.0","43.23","0.07"
"2018-12-01","Guatemala","GTM","320","Americas","19","Latin America and the Caribbean","419","17049010","Jelly Confectionery","Kgs","1.19","1.19","0.0"
"2019-07-01","Canada","CAN","124","Americas","19","Northern America","21","54072010","Unblechd Wven Fbrcs From Strip/The Like","Sqm","0.02","0.36","0.0"
"2018-03-01","United States of America","USA","840","Americas","19","Northern America","21","85114000","Strtr Mtrs And Dual Purpose Strtr Gnrtrs","Nos","120.72","3022.96","4.65"
"2023-03-01","Brazil","BRA","76","Americas","19","Latin America and the Caribbean","419","33012924","Eucalyptus Oil","Kgs","0.02","0.3","0.0"
"2015-05-01","Argentina","ARG","032","Americas","19","Latin America and the Caribbean","419","84835090","Others","Nos","1.16","5.97","0.01"
"2019-01-01","Canada","CAN","124","Americas","19","Northern America","21","84111200","Turbo-Jets Of A Thrust>25 Kn","Nos","0.0","1476.83","2.09"
"2015-06-01","Guatemala","GTM","320","Americas","19","Latin America and the Caribbean","419","63024030","Table Linen Of Cotn,Hnd Kntd/Crocheted","Kgs","2.5","4.24","0.01"
"2020-12-01","United States of America","USA","840","Americas","19","Northern America","21","15155091","Sesame Oiland Its Fractions Other Thn Crudeof Edble Grade","Kgs","153.74","509.03","0.69"
"2017-07-01","Dominican Republic","DOM","214","Americas","19","Latin America and the Caribbean","419","69149000","Othr Cermc Artcls Excl Of Porcelain/China","Kgs","1.0","3.07","0.0"
"2023-08-01","Paraguay","PRY","600","Americas","19","Latin America and the Caribbean","419","87089500","Safety Airbags With Inflater System; Parts Thereof","Kgs","0.01","0.22","0.0"
"2020-02-01","Ecuador","ECU","218","Americas","19","Latin America and the Caribbean","419","85365020","Other Switches Of Plastics","Nos","0.22","0.2","0.0"
"2021-05-01","Guyana","GUY","328","Americas","19","Latin America and the Caribbean","419","30049035","Dicyclomine, Metoclopramide And Dexame Thasone And Ondansetron","Kgs","0.02","0.13","0.0"
"2023-07-01","Peru","PER","604","Americas","19","Latin America and the Caribbean","419","30042064","Azithromycin","Kgs","0.5","24.34","0.03"
"2024-07-01","Ecuador","ECU","218","Americas","19","Latin America and the Caribbean","419","54071039","Othr Dyed Polyester Fabrcs","Sqm","3.91","5.07","0.01"
"2023-05-01","Mexico","MEX","484","Americas","19","Latin America and the Caribbean","419","72230092","Wire Of Stains Stl Of Thckns 1.5 To 0.46Mm","Kgs","52.19","189.39","0.23"
"2017-08-01","United States of America","USA","840","Americas","19","Northern America","21","96020010","Wrkd Vgtbl Crvng Mtrl And Artcls Thereof","Kgs","2.81","5.39","0.01"
"2024-04-01","Canada","CAN","124","Americas","19","Northern America","21","61043200","Jackets Of Cotton","Nos","0.02","0.31","0.0"
"2019-04-01","Peru","PER","604","Americas","19","Latin America and the Caribbean","419","62114290","Cotn Grmnts Othr Thn Kurta And Salwar Wth Without Duppatta","Nos","5.84","15.22","0.02"
"2015-12-01","United States of America","USA","840","Americas","19","Northern America","21","96019030","Wrkd Bone(Excl Whale Bone)And Artcls Throf","Kgs","9.74","63.63","0.1"
"2017-06-01","Peru","PER","604","Americas","19","Latin America and the Caribbean","419","62064000","Blouses,Shirts Etc Of Man-Made Fibres","Nos","30.87","85.78","0.13"
"2022-10-01","Panama","PAN","591","Americas","19","Latin America and the Caribbean","419","30024116","Rabies (Single Vaccines For)","Kgs","0.02","7.4","0.01"
"2017-06-01","Mexico","MEX","484","Americas","19","Latin America and the Caribbean","419","73259930","Othr Cast Artcls Stainless Steel Malleabl","Kgs","0.57","2.56","0.0"
"2022-11-01","Dominican Republic","DOM","214","Americas","19","Latin America and the Caribbean","419","32041650","Reactive Blues","Kgs","2.48","14.39","0.02"
"2019-08-01","Chile","CHL","152","Americas","19","Latin America and the Caribbean","419","87112019","Scooters Wth Cylndr Cpcty >75 Bt<=250 Cc","Nos","0.21","87.58","0.12"
"2024-03-01","United States of America","USA","840","Americas","19","Northern America","21","33072000","Personl Deodornts And Antiperspirants","Kgs","31.4","262.02","0.32"
"2023-07-01","Canada","CAN","124","Americas","19","Northern America","21","34029059","Other (Washing Preparations)","Kgs","0.84","1.31","0.0"
"2018-02-01","Bolivarian Republic of Venezuela","VEN","862","Americas","19","Latin America and the Caribbean","419","9093129","Other Seeds Of Cummin Excl. Black; Neither Crushed Nor Ground","Kgs","26.0","31.4","0.05"
"2016-07-01","Canada","CAN","124","Americas","19","Northern America","21","55095300","Other Yarn Of Polyster Staple Fibrs Mixed Mainly/Solely With Cotton","Kgs","33.55","65.62","0.1"
"2018-12-01","Bolivia","BOL","68","Americas","19","Latin America and the Caribbean","419","90213900","Others","Nos","1.79","9.52","0.01"
"2017-02-01","Brazil","BRA","076","Americas","19","Latin America and the Caribbean","419","29269000","Othr Nitrile-Function Compounds","Kgs","9.31","152.94","0.23"
"2018-11-01","United States of America","USA","840","Americas","19","Northern America","21","69099000","Ceremic Troughs,Tubs;Pots Jars And The Like","Kgs","54.1","24.32","0.03"
"2021-03-01","United States of America","USA","840","Americas","19","Northern America","21","30049099","Other Medcne Put Up For Retail Sale N.E.S","Kgs","1425.79","195380.4","268.41"
"2023-02-01","Canada","CAN","124","Americas","19","Northern America","21","62033190","Jackets And Blazers Of Wool Or Fine Animal Hair: Other","Nos","1.33","47.79","0.06"
"2023-10-01","Colombia","COL","170","Americas","19","Latin America and the Caribbean","419","84741090","Sortng,Scrng,Separtn,Washng Machines Of Other Mineral Substances","Nos","0.03","45.04","0.05"
"2021-02-01","United States of America","USA","840","Americas","19","Northern America","21","73069090","Other Tubes,Pipes Etc.Of Iron/Steel N.E.S.","Kgs","233.77","214.08","0.29"
"2019-11-01","United States of America","USA","840","Americas","19","Northern America","21","84314310","Prts Of Borng/Snkng Mchnry,Slf-Prpld","Kgs","81.06","374.75","0.52"
"2019-03-01","Panama","PAN","591","Americas","19","Latin America and the Caribbean","419","87141090","Parts And Accessories Of Motorcycle Excl. Saddle","Kgs","8.01","34.15","0.05"
"2023-05-01","Puerto Rico","PRI","630","Americas","19","Latin America and the Caribbean","419","68022390","Others","Kgs","26.0","19.94","0.02"
"2024-02-01","United States of America","USA","840","Americas","19","Northern America","21","40169310","Patches Fr Puncture Repair Of Self-Vulcnsng Rubr/A Rubr Lacking","Kgs","9.36","117.82","0.14"
"2016-03-01","Dominican Republic","DOM","214","Americas","19","Latin America and the Caribbean","419","19053211","Coated With Chocolate Or Contng Chocolate","Kgs","0.97","0.98","0.0"
"2017-12-01","Chile","CHL","152","Americas","19","Latin America and the Caribbean","419","44209090","Others","Kgs","2.41","7.68","0.01"
"2020-11-01","Peru","PER","604","Americas","19","Latin America and the Caribbean","419","30043919","Other Progestogen And Oestogen Group","Kgs","0.13","11.9","0.02"
"2023-11-01","United States of America","USA","840","Americas","19","Northern America","21","52042030","Embroidery Cotton Thread","Kgs","0.18","2.75","0.0"
"2019-08-01","Argentina","ARG","032","Americas","19","Latin America and the Caribbean","419","64031990","Others","Prs","34.71","204.79","0.29"
"2021-02-01","United States of America","USA","840","Americas","19","Northern America","21","58042100","Mechanically Made Lace Of Man-Made Fbrs","Kgs","0.3","1.9","0.0"
"2023-03-01","Canada","CAN","124","Americas","19","Northern America","21","84509010","Prts Of Household Type Laundry Equipments","Kgs","0.04","0.71","0.0"
"2021-11-01","Brazil","BRA","76","Americas","19","Latin America and the Caribbean","419","29359011","Sulphamethoxazole","Kgs","27.0","215.44","0.29"
"2018-01-01","United States of America","USA","840","Americas","19","Northern America","21","85439000","Parts Of Articles Of Heading 8543","Kgs","0.47","103.73","0.16"
"2022-01-01","Brazil","BRA","76","Americas","19","Latin America and the Caribbean","419","62044290","Othr Dresses Of Cotton","Nos","6.6","27.35","0.04"
"2016-11-01","El Salvador","SLV","222","Americas","19","Latin America and the Caribbean","419","40119300","*Other Kind Of Tyres Used On Constrn Or Industrial Vehicle/Machines With Rim Size Less Than 61 Cww.","Nos","0.02","2.09","0.0"
"2016-12-01","Canada","CAN","124","Americas","19","Northern America","21","13021919","Other Extracts","Kgs","2.95","68.85","0.1"
"2016-06-01","United States of America","USA","840","Americas","19","Northern America","21","71171910","Bangles","Kgs","1.66","80.65","0.12"
"2016-05-01","United States of America","USA","840","Americas","19","Northern America","21","84671900","Others Pneumatic Tools","Nos","0.86","212.53","0.32"
"2024-03-01","Costa Rica","CRI","188","Americas","19","Latin America and the Caribbean","419","73239420","Utensils","Nos","0.15","0.65","0.0"
"2020-09-01","Uruguay","URY","858","Americas","19","Latin America and the Caribbean","419","57039010","Carpets And Other Floor Coverings, Of Cotton, Other Than Durries","Sqm","9.12","13.09","0.02"
"2018-11-01","Peru","PER","604","Americas","19","Latin America and the Caribbean","419","13021919","Other Extracts","Kgs","0.53","11.71","0.02"
"2022-08-01","Mexico","MEX","484","Americas","19","Latin America and the Caribbean","419","73269050","Grinding Media Balls And Cylpebs","Kgs","20.0","41.03","0.05"
"2018-07-01","Canada","CAN","124","Americas","19","Northern America","21","81130090","Other Cermets And Artcls Thereof","Kgs","0.01","0.52","0.0"
"2024-07-01","Panama","PAN","591","Americas","19","Latin America and the Caribbean","419","85111000","Sparkling Plugs","Nos","1.24","1.33","0.0"
"2022-01-01","United States of America","USA","840","Americas","19","Northern America","21","73202000","Helical Springs","Kgs","0.53","6.43","0.01"
"2019-11-01","United States of America","USA","840","Americas","19","Northern America","21","73089030","Hatchway,Rails And Bulkheads For Ships Or Boats And Parts Of Hull","Kgs","0.19","18.69","0.03"
"2015-06-01","Brazil","BRA","76","Americas","19","Latin America and the Caribbean","419","29049070","*Sodium Meta Nitrobenzene Sulphonate","Kgs","52.4","41.98","0.07"
"2016-03-01","Chile","CHL","152","Americas","19","Latin America and the Caribbean","419","33019049","Othr Conc Of Esnl Oils In Fats/Fixd/Wax Obtained By Cold Absorption Or Maceration","Kgs","0.1","0.16","0.0"
"2022-06-01","Saint Lucia","LCA","662","Americas","19","Latin America and the Caribbean","419","30019091","Heparin And Its Salts","Kgs","0.05","1.02","0.0"
"2024-04-01","Nicaragua","NIC","558","Americas","19","Latin America and the Caribbean","419","85272900","Othr Redio-Broadcst Rcvrs Nt Cpbl To Oprt Wtht Extrnl Powr,Usd In Motr Vhcls,Incl Apprts Fr Rcvng Radio-Tlphny/Radio-T","Nos","0.0","0.64","0.0"
"2023-06-01","United States of America","USA","840","Americas","19","Northern America","21","85131020","Flash Lights Excl Those Used For Photographic Purpose","Nos","14.7","8.02","0.01"
"2016-07-01","Brazil","BRA","076","Americas","19","Latin America and the Caribbean","419","39206210","Pltes Shts Etc Of Plyethyln Terephthalte Rigid, Plain","Kgs","70.53","93.72","0.14"
"2016-11-01","Chile","CHL","152","Americas","19","Latin America and the Caribbean","419","95059090","Others(Crnvl And Entrtnmnt Artcls Etc)","Kgs","0.17","0.18","0.0"
"2023-01-01","United States of America","USA","840","Americas","19","Northern America","21","73151100","Roller Chain","Kgs","74.02","346.76","0.42"
"2016-07-01","Mexico","MEX","484","Americas","19","Latin America and the Caribbean","419","82055920","Metal Working Hnd Tools","Kgs","4.5","26.41","0.04"
"2018-12-01","Puerto Rico","PRI","630","Americas","19","Latin America and the Caribbean","419","29252990","Other Imines And Their Derivtvs, Salts Thereof","Kgs","38.94","225.19","0.32"
"2021-10-01","Chile","CHL","152","Americas","19","Latin America and the Caribbean","419","85111000","Sparkling Plugs","Nos","5.85","6.56","0.01"
"2019-05-01","Suriname","SUR","740","Americas","19","Latin America and the Caribbean","419","85182900","Othr Loud Speakers,W/N Mntd In Thr Enclsrs","Nos","0.0","0.5","0.0"
"2022-10-01","Trinidad and Tobago","TTO","780","Americas","19","Latin America and the Caribbean","419","29142922","Synthetic","Kgs","0.11","0.86","0.0"
"2020-09-01","Peru","PER","604","Americas","19","Latin America and the Caribbean","419","90183990","Others","Nos","11.35","14.18","0.02"
"2017-09-01","Ecuador","ECU","218","Americas","19","Latin America and the Caribbean","419","39249090","Othr Houshold Andtoilt Artcls Of Plstcs Nes","Kgs","4.56","8.51","0.01"
"2016-05-01","Guatemala","GTM","320","Americas","19","Latin America and the Caribbean","419","84779000","Parts Of Machns Of Working Rbr/Plastic","Kgs","0.01","1.76","0.0"
"2022-04-01","Argentina","ARG","32","Americas","19","Latin America and the Caribbean","419","40103190","Endles Trnsmsn Blt/Bltng Of V-Blt/V- Ribbedof Circumfrns Betwn 180 Cm And 240 Cm Where Rubr Compd More Than 25% By","Kgs","0.0","0.11","0.0"
"2015-01-01","Honduras","HND","340","Americas","19","Latin America and the Caribbean","419","90189099","Othr Srgcl Instrmnts And Applncs (Incl Vtrnry)","Nos","0.02","8.04","0.01"
"2020-01-01","Jamaica","JAM","388","Americas","19","Latin America and the Caribbean","419","56031300","Man-Made Filmnt Wghng Betwn 70G/Sqm And 150G/Sqm","Kgs","0.7","1.51","0.0"
"2021-12-01","Peru","PER","604","Americas","19","Latin America and the Caribbean","419","57033090","*Othr Txtl Flr Cvrngs Of Othr Man-Made Txtl Matrl","Sqm","1.46","8.72","0.01"
"2022-01-01","Mexico","MEX","484","Americas","19","Latin America and the Caribbean","419","32050000","Colr Lakes","Kgs","36.73","315.4","0.42"
"2022-06-01","Argentina","ARG","32","Americas","19","Latin America and the Caribbean","419","93051000","Parts And Accessories Of Revolvers/Pistols","Kgs","0.3","54.42","0.07"
"2019-03-01","Colombia","COL","170","Americas","19","Latin America and the Caribbean","419","32041975","Solvent Based Colouring Matters: Blues","Kgs","0.37","7.34","0.01"
"2018-01-01","Dominican Republic","DOM","214","Americas","19","Latin America and the Caribbean","419","60062200","Othr Knited Or Crochetd Fbrcs Of Cotton , Dyed","Kgs","1.52","6.06","0.01"
"2023-07-01","Brazil","BRA","76","Americas","19","Latin America and the Caribbean","419","29173940","Dimethyl Phthalate","Kgs","24.0","18.71","0.02"
"2023-03-01","Dominican Republic","DOM","214","Americas","19","Latin America and the Caribbean","419","74198030","Articles Of Brass","Kgs","0.09","4.4","0.01"
"2017-07-01","Canada","CAN","124","Americas","19","Northern America","21","9012190","Other Roasted Not Decaffeinated Coffee","Kgs","0.2","0.74","0.0"
"2023-02-01","United States of America","USA","840","Americas","19","Northern America","21","72283029","Others","Kgs","29.91","58.29","0.07"
"2015-07-01","Peru","PER","604","Americas","19","Latin America and the Caribbean","419","62044990","Othr Dresses Of Othr Txtl Materials Othr Than Silk","Nos","0.3","3.51","0.01"
"2016-11-01","United States of America","USA","840","Americas","19","Northern America","21","24012040","Burley Tobaco, Partly/Wholly Stmd/Stripped","Kgs","53.46","41.22","0.06"
"2021-08-01","United States of America","USA","840","Americas","19","Northern America","21","28332700","Barium Sulphate","Kgs","0.01","0.09","0.0"
"2024-04-01","United States of America","USA","840","Americas","19","Northern America","21","76061200","Rctnglr(Incl Sqr)Plts Etc.Of Almnm Allys","Kgs","961.44","2291.75","2.75"
"2019-11-01","United States of America","USA","840","Americas","19","Northern America","21","28275110","Sodium Bromide","Kgs","1.23","7.98","0.01"
"2020-02-01","Mexico","MEX","484","Americas","19","Latin America and the Caribbean","419","32089090","Othr Paint Varnsh(Incl Enml And Lacqr) Bsd On Syntic Plymr/Chmly Mdfd Natrl Plymr Nes","Kgs","0.9","2.53","0.0"
"2021-11-01","Uruguay","URY","858","Americas","19","Latin America and the Caribbean","419","62044990","Othr Dresses Of Othr Txtl Materials Othr Than Silk","Nos","0.01","0.08","0.0"
"2022-09-01","Brazil","BRA","76","Americas","19","Latin America and the Caribbean","419","71059000","Dust And Powder Of Other Precious Stones","Ctm","3.0","0.24","0.0"
"2020-02-01","Suriname","SUR","740","Americas","19","Latin America and the Caribbean","419","61046200","Trsrs,Bibs,Brc Ovrlls,Brchs,Shrts Of Cotn","Nos","1.21","2.0","0.0"
"2017-05-01","Nicaragua","NIC","558","Americas","19","Latin America and the Caribbean","419","90211000","Orthopeaedic Or Fracture Appliances","Nos","0.09","2.11","0.0"
"2019-07-01","Brazil","BRA","076","Americas","19","Latin America and the Caribbean","419","38112100","Addtvs Fr Lbrctng Oils Contng Oils Obtnd From Petroleum And Bituminous Minerals","Kgs","14.4","30.61","0.04"
"2022-11-01","Guatemala","GTM","320","Americas","19","Latin America and the Caribbean","419","40169990","Others Articles Of Vulcanised Rubber Excl. Mats/Gaskets And Other Inflatable Articles","Kgs","5.18","36.57","0.04"
"2016-05-01","United States of America","USA","840","Americas","19","Northern America","21","84589932","Turrets","Nos","0.0","38.25","0.06"
"2024-04-01","Uruguay","URY","858","Americas","19","Latin America and the Caribbean","419","87149400","Brakes,Incl Coaster Braking Hubs And Hub Brakes And Prts Thereof","Kgs","0.11","0.41","0.0"
"2020-09-01","United States of America","USA","840","Americas","19","Northern America","21","10064000","Broken Rice","Kgs","21.56","10.89","0.01"
"2015-03-01","United States of America","USA","840","Americas","19","Northern America","21","84192090","Sterilisers,N.E.S.","Nos","0.91","6.43","0.01"
"2021-05-01","Guatemala","GTM","320","Americas","19","Latin America and the Caribbean","419","33019090","Othr Conc Of Esnl Oils In Fats/Fixd/Wax Like Trpnc Byprdcts Of Deterpenation Of Esnl Oils Aqus Distlts/Soltn Esnl Ol","Kgs","0.1","0.49","0.0"
"2015-01-01","Panama","PAN","591","Americas","19","Latin America and the Caribbean","419","87141090","Parts And Accessories Of Motorcycle Excl. Saddle","Kgs","8.06","12.81","0.02"
"2015-02-01","Brazil","BRA","076","Americas","19","Latin America and the Caribbean","419","84831091","Crank Shaft For Engines Of Heading 8407","Nos","19.22","218.33","0.35"
"2020-11-01","United States of America","USA","840","Americas","19","Northern America","21","59069990","Rubberised Textile Fabrics Of Other Matrlsexcpt Rubberised Knitted/Crocheted Goods","Kgs","100.18","233.29","0.31"
"2016-06-01","Colombia","COL","170","Americas","19","Latin America and the Caribbean","419","42021290","Others","Nos","0.75","0.35","0.0"
"2018-06-01","United States of America","USA","840","Americas","19","Northern America","21","62104010","Personal Protective Garments(E.G.Bullet Proof Jackets,Bomb Disposal Jackets Etc)","Nos","0.03","0.23","0.0"
"2022-07-01","Costa Rica","CRI","188","Americas","19","Latin America and the Caribbean","419","71039939","Other","Ctm","0.16","0.28","0.0"
"2019-07-01","Brazil","BRA","076","Americas","19","Latin America and the Caribbean","419","73251000","Othr Articles Of Non-Malleable Cast Iron","Kgs","4.0","9.69","0.01"
"2022-07-01","Mexico","MEX","484","Americas","19","Latin America and the Caribbean","419","33012944","Davana Oil","Kgs","0.01","6.26","0.01"
"2019-06-01","Peru","PER","604","Americas","19","Latin America and the Caribbean","419","90211000","Orthopeaedic Or Fracture Appliances","Nos","4.39","9.36","0.01"
"2021-11-01","Argentina","ARG","32","Americas","19","Latin America and the Caribbean","419","32041293","Acid Red(Non Azo)","Kgs","0.1","0.51","0.0"
"2019-08-01","Canada","CAN","124","Americas","19","Northern America","21","63049219","Other Counterpanes","Nos","0.6","1.77","0.0"
"2022-08-01","Canada","CAN","124","Americas","19","Northern America","21","62042290","Other Ensembles Of Cotton","Nos","0.35","4.06","0.01"
"2020-08-01","Panama","PAN","591","Americas","19","Latin America and the Caribbean","419","57011010","Hand-Made","Sqm","0.03","20.96","0.03"
"2023-01-01","Canada","CAN","124","Americas","19","Northern America","21","9042219","Crushed Or Ground; Other Fruits Of Genus Capsicum","Kgs","30.09","105.75","0.13"
"2024-07-01","Haiti","HTI","332","Americas","19","Latin America and the Caribbean","419","19059020","Biscuits Nes Or Included","Kgs","35.02","45.31","0.05"
"2018-10-01","Ecuador","ECU","218","Americas","19","Latin America and the Caribbean","419","73239390","Othr Houshold Articl Of Stainless Stl Nes","Kgs","74.67","56.47","0.08"
"2019-12-01","Argentina","ARG","32","Americas","19","Latin America and the Caribbean","419","63025900","Other Table Linen Of Flax","Kgs","1.27","9.37","0.01"
"2024-04-01","United States of America","USA","840","Americas","19","Northern America","21","41071900","Other Whole Hids/Skins","Kgs","29.9","202.97","0.24"
"2022-10-01","Costa Rica","CRI","188","Americas","19","Latin America and the Caribbean","419","62113300","Othr Grmnts Of Man-Mde Fbrs Fr Mens/Boys","Nos","0.03","0.19","0.0"
"2023-03-01","Honduras","HND","340","Americas","19","Latin America and the Caribbean","419","68022390","Others","Kgs","23.0","12.58","0.02"
"2023-03-01","United States of America","USA","840","Americas","19","Northern America","21","29362100","Vitamins A And Their Derivatives","Kgs","2.67","187.83","0.23"
"2022-02-01","Trinidad and Tobago","TTO","780","Americas","19","Latin America and the Caribbean","419","83091000","Crown Corks","Kgs","0.7","2.2","0.0"
"2023-10-01","Mexico","MEX","484","Americas","19","Latin America and the Caribbean","419","82033000","Metal Cutting Shears And Simlr Tools","Kgs","0.25","9.25","0.01"
"2021-04-01","Peru","PER","604","Americas","19","Latin America and the Caribbean","419","29280090","Othr Orgnc Drvts Of Hydrazine/Hydrxylmine","Kgs","0.4","18.91","0.03"
"2018-10-01","United States of America","USA","840","Americas","19","Northern America","21","65061090","Othr Safety Headgear","Nos","12.16","130.75","0.18"
"2018-07-01","Peru","PER","604","Americas","19","Latin America and the Caribbean","419","40117000","Of A Kind Used On Agricultural Or Forestry Vehicles And Machines","Nos","0.59","89.38","0.13"
"2018-05-01","United States of America","USA","840","Americas","19","Northern America","21","44029010","*Coconut Shell Charcoal","Mts","0.03","18.17","0.03"
"2023-01-01","United States of America","USA","840","Americas","19","Northern America","21","84482000","Prts And Accssrs Of Mchns Of Hdg No.8444/Of Their Auxlry Mchnry","Kgs","0.43","8.14","0.01"
"2023-01-01","Mexico","MEX","484","Americas","19","Latin America and the Caribbean","419","85361010","Swtch Fuse Units Of Swtch Rating Upto 15 Amps,Rewireable","Nos","6.04","1.57","0.0"
"2017-08-01","Bolivarian Republic of Venezuela","VEN","862","Americas","19","Latin America and the Caribbean","419","35079099","Othr Enzymes Prepared Enzymes Nes","Kgs","1.0","6.48","0.01"
"2015-11-01","Mexico","MEX","484","Americas","19","Latin America and the Caribbean","419","82057000","Vices,Clamps And The Like","Kgs","3.32","4.31","0.01"
"2022-02-01","United States of America","USA","840","Americas","19","Northern America","21","84571020","Machining Centres - Vertical","Nos","0.01","538.76","0.72"
"2017-04-01","United States of America","USA","840","Americas","19","Northern America","21","92059010","Flutes","Nos","1.25","0.7","0.0"
"2021-11-01","Haiti","HTI","332","Americas","19","Latin America and the Caribbean","419","96081099","Other Ball-Point Pens Without Liquid Ink (For Rolling Ball Pen)","Nos","2865.6","58.69","0.08"
"2021-06-01","United States of America","USA","840","Americas","19","Northern America","21","13019039","Other Gum Resins","Kgs","0.2","7.23","0.01"
"2022-02-01","Mexico","MEX","484","Americas","19","Latin America and the Caribbean","419","29142922","Synthetic","Kgs","0.5","9.4","0.01"
"2017-12-01","United States of America","USA","840","Americas","19","Northern America","21","9021090","Other Green Tea In Pckets Not Excldng 3Kg","Kgs","9.13","50.29","0.08"
"2017-01-01","United States of America","USA","840","Americas","19","Northern America","21","9041120","Light Black Pepper","Kgs","25.0","207.91","0.31"
"2024-02-01","Nicaragua","NIC","558","Americas","19","Latin America and the Caribbean","419","39249090","Othr Houshold Andtoilt Artcls Of Plstcs Nes","Kgs","24.58","49.58","0.06"
"2015-02-01","United States of America","USA","840","Americas","19","Northern America","21","10089090","Other Cereals,Other Then Seed Qlty","Kgs","23.22","11.82","0.02"
"2017-12-01","United States of America","USA","840","Americas","19","Northern America","21","20099000","Mixtrs Of Juices Unfrmntd Nt Contng Spirit","Kgs","0.3","0.37","0.0"
"2019-05-01","United States of America","USA","840","Americas","19","Northern America","21","96151900","Combs,Hair-Slds And The Like Of Othr Matrls","Kgs","2.75","41.02","0.06"
"2022-11-01","Peru","PER","604","Americas","19","Latin America and the Caribbean","419","32041982","Food Colouring Yellow 4 (Tartrazine)","Kgs","18.75","72.18","0.09"
"2023-08-01","Cayman Islands","CYM","136","Americas","19","Latin America and the Caribbean","419","42021290","Others","Nos","0.03","0.09","0.0"
"2021-04-01","United States of America","USA","840","Americas","19","Northern America","21","59119020","Gaskets Washers Polishing Discs And Othr Machinery Parts Of Textile Articles","Kgs","0.42","24.34","0.03"
"2021-02-01","United States of America","USA","840","Americas","19","Northern America","21","30043200","Medicaments Containing Corticosteroid Hormones, Their Dervativeandstructural Analg","Kgs","37.15","3285.17","4.52"
"2020-11-01","United States of America","USA","840","Americas","19","Northern America","21","10082930","Ragi","Kgs","2.46","1.98","0.0"
"2020-02-01","Chile","CHL","152","Americas","19","Latin America and the Caribbean","419","70072190","Other","Kgs","0.41","2.44","0.0"
"2024-04-01","United States of America","USA","840","Americas","19","Northern America","21","9109912","Fenugreek Seed","Kgs","91.12","147.86","0.18"
"2018-02-01","United States of America","USA","840","Americas","19","Northern America","21","84829120","Needles","Kgs","0.0","0.07","0.0"
"2021-11-01","Argentina","ARG","32","Americas","19","Latin America and the Caribbean","419","72149190","Others","Kgs","26.21","17.8","0.02"
"2022-05-01","Honduras","HND","340","Americas","19","Latin America and the Caribbean","419","85021100","Genrtng Sets Wth Cmprssn Igntn Intrnl Cmbstn Pstn Engns(Diesl/Semi-Diesl Engns) Of An Output Nt Excdng 75 Kva","Nos","0.0","25.48","0.03"
"2017-01-01","United States of America","USA","840","Americas","19","Northern America","21","9096220","Badian","Kgs","0.03","0.31","0.0"
"2023-05-01","Argentina","ARG","32","Americas","19","Latin America and the Caribbean","419","63053200","Flexible Intermediate Bulk Containers Of Man Made Textile Materials","Kgs","26.5","64.73","0.08"
"2022-09-01","French Guiana","GUF","254","Americas","19","Latin America and the Caribbean","419","69072100","Of A Water Absorption Coefficient By Weight Not Exceeding 0.5%","Sqm","3.87","16.46","0.02"
"2017-10-01","Chile","CHL","152","Americas","19","Latin America and the Caribbean","419","85437019","Electric Fence Energisers","Nos","15.2","0.95","0.0"
"2017-04-01","Argentina","ARG","32","Americas","19","Latin America and the Caribbean","419","29209099","*Other Esters Of Other Inorganic Acids Of Non-Metls And Their Salts","Kgs","34.4","47.06","0.07"
"2020-10-01","Brazil","BRA","76","Americas","19","Latin America and the Caribbean","419","85015210","A.C. Squirrel Cage Induction Motor 3 Phase Type","Nos","0.0","0.79","0.0"
"2022-04-01","Brazil","BRA","76","Americas","19","Latin America and the Caribbean","419","84136010","Gear Type Pumps","Nos","0.9","69.29","0.09"
"2021-05-01","United States of America","USA","840","Americas","19","Northern America","21","84714190","Othr Dgtl Automatc Data-Procesng Machine Comprisng A Central Procesng Unit And An Input And Output Unit Wh/Not Combi","Nos","0.01","153.0","0.21"
"2019-06-01","Peru","PER","604","Americas","19","Latin America and the Caribbean","419","30049071","Captopril, Enalapril, Lisinopril, Perindopril And Ramipril","Kgs","0.22","11.47","0.02"
"2020-02-01","United States of America","USA","840","Americas","19","Northern America","21","24039910","Chewing Tobacco","Kgs","2.16","95.87","0.13"
"2021-02-01","Canada","CAN","124","Americas","19","Northern America","21","85447090","Optical Fibre Cables Other Thn Lead Alloy Sheathd Cables","Mtr","0.12","0.17","0.0"
"2022-05-01","Peru","PER","604","Americas","19","Latin America and the Caribbean","419","62114210","*Kurta And Salwar Wth/Wthout Dupta Of Cotn","Nos","0.48","2.88","0.0"
"2018-12-01","United States of America","USA","840","Americas","19","Northern America","21","63079012","Dress Materials Of Silk,Hand Printed","Kgs","0.07","1.48","0.0"
"2017-11-01","Colombia","COL","170","Americas","19","Latin America and the Caribbean","419","61069090","Blouses Etc Of Other Fibres","Nos","0.29","0.83","0.0"
"2016-06-01","Mexico","MEX","484","Americas","19","Latin America and the Caribbean","419","57024230","Carpets, Rugs And Mats Of Handloom","Sqm","1.32","6.71","0.01"
"2018-09-01","Brazil","BRA","076","Americas","19","Latin America and the Caribbean","419","39269080","Polypropylene Articles,N.E.S.","Kgs","206.19","260.99","0.36"
"2023-01-01","Ecuador","ECU","218","Americas","19","Latin America and the Caribbean","419","29225090","Other Frusemide Aminodial Domperidone","Kgs","0.01","0.17","0.0"
"2018-05-01","Canada","CAN","124","Americas","19","Northern America","21","62042300","Ensembles Of Synthetic Fibres","Nos","1.44","8.75","0.01"
"2019-08-01","Brazil","BRA","076","Americas","19","Latin America and the Caribbean","419","33019014","Turmeric Oleoresins","Kgs","0.03","2.71","0.0"
"2019-02-01","United States of America","USA","840","Americas","19","Northern America","21","61152990","Panty Hose And Tights Of Other Fibres","Nos","174.43","366.31","0.51"
"2022-06-01","Canada","CAN","124","Americas","19","Northern America","21","82071900","Other Rock Drilng Or Earth Borng Tols , Including Parts","Kgs","1.11","35.67","0.05"
"2023-04-01","Colombia","COL","170","Americas","19","Latin America and the Caribbean","419","29420024","Imipramine Hcl","Kgs","0.35","22.12","0.03"
"2018-10-01","Mexico","MEX","484","Americas","19","Latin America and the Caribbean","419","38089390","Other Herbicides-Anti-Sprouting Products","Kgs","0.04","0.11","0.0"
"2021-06-01","Ecuador","ECU","218","Americas","19","Latin America and the Caribbean","419","90319000","Parts And Accessories Of Instrmnts Of 9031","Kgs","0.0","0.25","0.0"
"2022-06-01","Saint Lucia","LCA","662","Americas","19","Latin America and the Caribbean","419","95066920","Cricket Ball","Nos","0.24","0.31","0.0"
"2015-07-01","United States of America","USA","840","Americas","19","Northern America","21","62114290","Cotn Grmnts Othr Thn Kurta And Salwar Wth Without Duppatta","Nos","583.32","2941.15","4.62"
"2022-01-01","United States of America","USA","840","Americas","19","Northern America","21","73064000","Other,Welded,Of Circular Cross-Section, Of Stainless Steel Tubes/Pipes","Kgs","2187.38","7386.81","9.92"
"2017-08-01","Canada","CAN","124","Americas","19","Northern America","21","85011011","Micro Motor Wth Output <=37.5 W","Nos","69.68","159.87","0.25"
"2022-06-01","Uruguay","URY","858","Americas","19","Latin America and the Caribbean","419","29359090","Other","Kgs","0.65","50.3","0.06"
"2016-09-01","United States of America","USA","840","Americas","19","Northern America","21","32041751","Pigment Blue 15 (Pathalocyanine Blue)","Kgs","308.83","1262.88","1.89"
"2021-10-01","Peru","PER","604","Americas","19","Latin America and the Caribbean","419","62064000","Blouses,Shirts Etc Of Man-Made Fibres","Nos","3.66","11.28","0.02"
"2015-12-01","Guatemala","GTM","320","Americas","19","Latin America and the Caribbean","419","84249000","Parts Of Mechanical Appliances","Kgs","0.2","2.6","0.0"
"2020-09-01","Brazil","BRA","076","Americas","19","Latin America and the Caribbean","419","82075000","Tools For Drilling Otr Thn Rock Drilng","Kgs","0.01","1.42","0.0"
"2023-04-01","Canada","CAN","124","Americas","19","Northern America","21","39249090","Othr Houshold Andtoilt Artcls Of Plstcs Nes","Kgs","46.8","137.66","0.17"
"2024-06-01","Brazil","BRA","76","Americas","19","Latin America and the Caribbean","419","90299000","Prts And Accessories Of Artcls Of Hdg 9029","Kgs","0.0","0.2","0.0"
"2015-02-01","Ecuador","ECU","218","Americas","19","Latin America and the Caribbean","419","39021000","Polypropylene","Kgs","1508.0","918.08","1.48"
"2015-01-01","United States of America","USA","840","Americas","19","Northern America","21","52042010","Coton Thread,Sewing, Cntng Any Synthetic Staple Fibre","Kgs","0.1","0.22","0.0"
"2018-04-01","Trinidad and Tobago","TTO","780","Americas","19","Latin America and the Caribbean","419","62179090","Others And Trimmings Of Other Textile Fibres","Kgs","0.05","0.25","0.0"
"2018-02-01","Jamaica","JAM","388","Americas","19","Latin America and the Caribbean","419","9042211","Chilly Powder","Kgs","3.02","3.26","0.01"
"2023-11-01","Colombia","COL","170","Americas","19","Latin America and the Caribbean","419","90183930","Cannulae","Nos","69.0","6.38","0.01"
"2019-02-01","United States of America","USA","840","Americas","19","Northern America","21","34011190","Othr Soap And Orgnc Surface Active Productfor Tiolet Use (Incl Medicated Prdcts)","Kgs","130.37","283.49","0.4"
"2023-09-01","United States of America","USA","840","Americas","19","Northern America","21","84819010","Bicycles Valves","Kgs","11.44","126.78","0.15"
"2018-04-01","United States of America","USA","840","Americas","19","Northern America","21","82032000","Pliers,Pincers,Tweezers And Smrl Tools","Kgs","24.52","542.79","0.83"
"2019-07-01","Panama","PAN","591","Americas","19","Latin America and the Caribbean","419","87089400","Sterng Wheels,Sterng Columns And Sterng Boxs","Kgs","0.28","2.48","0.0"
"2016-11-01","United States of America","USA","840","Americas","19","Northern America","21","28275110","Sodium Bromide","Kgs","0.01","0.13","0.0"
"2018-09-01","Saint Lucia","LCA","662","Americas","19","Latin America and the Caribbean","419","69072100","Of A Water Absorption Coefficient By Weight Not Exceeding 0.5%","Sqm","1.23","4.78","0.01"
"2021-10-01","Brazil","BRA","76","Americas","19","Latin America and the Caribbean","419","38021000","Activated Carbon","Kgs","167.2","286.47","0.38"
"2018-09-01","United States of America","USA","840","Americas","19","Northern America","21","96072000","Parts Of Slide Fasteners","Kgs","1.78","26.55","0.04"
"2023-07-01","United States of America","USA","840","Americas","19","Northern America","21","11041900","Rolled/Flaked Grains Of Other Cereals","Kgs","3.2","2.88","0.0"
"2017-11-01","Cuba","CUB","192","Americas","19","Latin America and the Caribbean","419","82122019","Other Safety Razor Blades Incld Razor","Kgs","0.45","1.41","0.0"
"2021-09-01","Canada","CAN","124","Americas","19","Northern America","21","40169100","Floor Coverings And Mats","Kgs","186.6","138.18","0.19"
"2022-12-01","Argentina","ARG","32","Americas","19","Latin America and the Caribbean","419","29333919","*Other Derivatives Of Pyradine","Kgs","1.79","102.51","0.12"
"2018-07-01","Canada","CAN","124","Americas","19","Northern America","21","19059010","Pastries And Cakes","Kgs","2.13","5.09","0.01"
"2020-02-01","Mexico","MEX","484","Americas","19","Latin America and the Caribbean","419","90221490","Other X-Ray Mchns Fr Medcl Uses","Nos","0.0","27.34","0.04"
"2018-07-01","United States of America","USA","840","Americas","19","Northern America","21","85016430","Ac Generators (Alternators) Of An Output >5000Kva But <=15000Kva","Nos","0.0","168.37","0.25"
"2016-10-01","Puerto Rico","PRI","630","Americas","19","Latin America and the Caribbean","419","39241090","Other Tableware And Kitchenware Of Plastics","Kgs","7.98","10.15","0.02"
"2022-08-01","United States of America","USA","840","Americas","19","Northern America","21","76071190","Other Aluminium Foil Rolld","Kgs","259.16","1057.26","1.33"
"2021-08-01","United States of America","USA","840","Americas","19","Northern America","21","30049061","Analgin With Or Without Other Compounds Such As Paracetamol","Kgs","13.23","116.26","0.16"
"2020-10-01","United States of America","USA","840","Americas","19","Northern America","21","84749000","Parts Of Machns Of Hdg 8474","Kgs","714.05","2054.48","2.8"
"2018-08-01","United States of America","USA","840","Americas","19","Northern America","21","15155091","Sesame Oiland Its Fractions Other Thn Crudeof Edble Grade","Kgs","132.29","307.18","0.44"
"2015-03-01","Panama","PAN","591","Americas","19","Latin America and the Caribbean","419","6049000","Other Of Hdg. 0604","Kgs","3.2","8.92","0.01"
"2017-09-01","Guatemala","GTM","320","Americas","19","Latin America and the Caribbean","419","85044090","Others","Nos","0.2","0.9","0.0"
"2018-12-01","Mexico","MEX","484","Americas","19","Latin America and the Caribbean","419","62149090","Shawls,Scarves,Etc Of Othr Txtl Fibres","Nos","0.78","4.72","0.01"
"2016-09-01","Colombia","COL","170","Americas","19","Latin America and the Caribbean","419","64035990","Othr Smlr Ftwr Wth Outer Sole Of Lthr","Prs","0.06","0.21","0.0"
"2019-07-01","Peru","PER","604","Americas","19","Latin America and the Caribbean","419","28417090","Other Molybdates","Kgs","0.01","0.11","0.0"
"2023-09-01","Chile","CHL","152","Americas","19","Latin America and the Caribbean","419","64039990","Lthr Sandals With Othr Sole","Prs","1.83","17.07","0.02"
"2015-03-01","Mexico","MEX","484","Americas","19","Latin America and the Caribbean","419","83021020","Hinges 0F Brass","Kgs","1.2","4.6","0.01"
"2020-11-01","Canada","CAN","124","Americas","19","Northern America","21","83062910","Othr Statuettes(Excluding Works Of Art)","Kgs","0.09","0.91","0.0"
"2022-09-01","Canada","CAN","124","Americas","19","Northern America","21","63079090","*Othr Made Up Artcls Othr Thn Cotton","Kgs","27.65","395.87","0.49"
"2015-10-01","United States of America","USA","840","Americas","19","Northern America","21","87142090","Other","Kgs","14.25","93.2","0.14"
"2016-10-01","Canada","CAN","124","Americas","19","Northern America","21","29171200","Adipic Acid Its Salts And Esters","Kgs","3.04","3.28","0.0"
"2019-12-01","Argentina","ARG","32","Americas","19","Latin America and the Caribbean","419","68159990","Others","Kgs","5.42","12.06","0.02"
"2023-06-01","Dominican Republic","DOM","214","Americas","19","Latin America and the Caribbean","419","15153090","Castor Oilandits Frctns Othr Thn Edble Grade","Kgs","16.0","28.68","0.03"
"2017-02-01","Panama","PAN","591","Americas","19","Latin America and the Caribbean","419","39269099","Othr Article Of Plastic Nes","Kgs","30.81","37.51","0.06"
"2015-12-01","Chile","CHL","152","Americas","19","Latin America and the Caribbean","419","61113000","Babies Garments Etc Of Synthic Fbrs","Kgs","0.03","0.36","0.0"
"2020-09-01","Argentina","ARG","32","Americas","19","Latin America and the Caribbean","419","39206190","Pltes Shts Etc Of Plycrbnts Nes","Kgs","11.82","21.04","0.03"
"2021-02-01","United States of America","USA","840","Americas","19","Northern America","21","33041000","Lip Make Up Preparations","Kgs","0.09","1.91","0.0"
"2018-07-01","United States of America","USA","840","Americas","19","Northern America","21","73089050","Structures And Super Structures For Mining","Kgs","0.02","48.25","0.07"
"2019-05-01","United States of America","USA","840","Americas","19","Northern America","21","84295900","Other Mchncl Shovls,Excvtrs And Shovl Loadrs","Nos","0.0","19.26","0.03"
"2022-04-01","United States of America","USA","840","Americas","19","Northern America","21","29054290","Other Pentaerythritol","Kgs","138.09","270.82","0.36"
"2019-05-01","Chile","CHL","152","Americas","19","Latin America and the Caribbean","419","39269061","Hangers Of Polyurethane Foam","Kgs","0.09","0.09","0.0"
"2018-12-01","United States of America","USA","840","Americas","19","Northern America","21","94012000","Seats Of A Kind Used For Motor Vehicles","Nos","50.0","857.87","1.21"
"2015-12-01","United States of America","USA","840","Americas","19","Northern America","21","40151900","Other Gloves,Mittens And Mitts","Prs","256.0","25.66","0.04"
"2021-01-01","Costa Rica","CRI","188","Americas","19","Latin America and the Caribbean","419","29095050","Butylated Hydroxyanisole (Bha)","Kgs","0.1","0.73","0.0"
"2017-12-01","United States of America","USA","840","Americas","19","Northern America","21","32041299","Other Non Azo Acid Dyes","Kgs","1.56","16.92","0.03"
"2023-08-01","El Salvador","SLV","222","Americas","19","Latin America and the Caribbean","419","87089100","Radiators","Kgs","0.08","1.44","0.0"
"2022-04-01","Mexico","MEX","484","Americas","19","Latin America and the Caribbean","419","32041975","Solvent Based Colouring Matters: Blues","Kgs","0.6","11.28","0.01"
"2020-01-01","Costa Rica","CRI","188","Americas","19","Latin America and the Caribbean","419","85044040","Non Automatic Voltage Regltor And Stabilzr","Nos","0.01","0.11","0.0"
"2024-06-01","Brazil","BRA","76","Americas","19","Latin America and the Caribbean","419","54071029","Blechd Othr Polyester Fabrcs","Sqm","10.62","9.94","0.01"
"2018-12-01","Honduras","HND","340","Americas","19","Latin America and the Caribbean","419","68129922","Asbestos Gaskets","Kgs","0.03","0.5","0.0"
"2018-09-01","Panama","PAN","591","Americas","19","Latin America and the Caribbean","419","38210000","Prpd Cultr Media Fr Micro-Orgnsms Dvlpmnt","Kgs","3.0","3.72","0.01"
"2018-07-01","United States of America","USA","840","Americas","19","Northern America","21","39093990","Other","Kgs","19.6","46.54","0.07"
"2021-08-01","Bolivarian Republic of Venezuela","VEN","862","Americas","19","Latin America and the Caribbean","419","30045020","Mineral And Parenteral Nutritional Spplmnts/Contng Calsium Slts Wth Vtmn In Tablts Etc","Kgs","264.29","85.19","0.11"
"2023-10-01","Peru","PER","604","Americas","19","Latin America and the Caribbean","419","38089199","Other Insecticide Nes","Kgs","1.96","10.42","0.01"
"2021-05-01","United States of America","USA","840","Americas","19","Northern America","21","34022010","*Washing And Cleaning Preparations Having Basis Of Soap/Other Organic Surface Active","Kgs","0.8","1.01","0.0"
"2015-01-01","Uruguay","URY","858","Americas","19","Latin America and the Caribbean","419","73182200","Other Washers,Non-Threaded","Kgs","0.36","0.15","0.0"
"2023-08-01","United States of America","USA","840","Americas","19","Northern America","21","84798940","Transducers","Nos","0.0","2.03","0.0"
"2019-02-01","United States of America","USA","840","Americas","19","Northern America","21","55142900","Woven Fabrics Of Othr Synthtc Fibrs,Dyed","Sqm","24.16","85.19","0.12"
"2019-03-01","Mexico","MEX","484","Americas","19","Latin America and the Caribbean","419","72201290","Strips For Pipes And Tubes (Othr Thn Skelp) Others N.E.S. Thckns <4.75Mm","Kgs","0.19","0.36","0.0"
"2021-11-01","Canada","CAN","124","Americas","19","Northern America","21","61091000","T-Shirts Etc Of Cotton","Nos","555.69","1467.32","1.97"
"2017-08-01","Chile","CHL","152","Americas","19","Latin America and the Caribbean","419","84835010","Pulleys,Power Transmission","Nos","6.3","22.93","0.04"
"2020-10-01","United States of America","USA","840","Americas","19","Northern America","21","84771000","Injection-Moulding Machines","Nos","0.0","116.48","0.16"
"2016-11-01","United States of America","USA","840","Americas","19","Northern America","21","74181090","Parts","Kgs","0.74","7.06","0.01"
"2024-01-01","United States of America","USA","840","Americas","19","Northern America","21","45049000","Othr Agglomerated Corks","Kgs","0.02","0.51","0.0"
"2024-03-01","United States of America","USA","840","Americas","19","Northern America","21","11063020","Fl0Ur, Meal And P0Wder Of Sing0Da","Kgs","7.69","13.06","0.02"
"2022-01-01","Guyana","GUY","328","Americas","19","Latin America and the Caribbean","419","69101000","Sanitary Fixtures Of Porcelain/China","Kgs","20.27","6.74","0.01"
"2021-08-01","United States of America","USA","840","Americas","19","Northern America","21","97011020","*Kalamkari Paintings(On Txtls)","Nos","0.0","1.04","0.0"
"2020-05-01","Guatemala","GTM","320","Americas","19","Latin America and the Caribbean","419","32041342","Basic Violet 10 (Rhodamine B)-Non Azo","Kgs","1.0","17.09","0.02"
"2015-08-01","United States of America","USA","840","Americas","19","Northern America","21","34021190","*Others(E.G.Alkylsulphates,Technical Dodecylbenzene-Sulphonates,Etc)","Kgs","204.96","257.77","0.4"
"2019-03-01","United States of America","USA","840","Americas","19","Northern America","21","61083220","Nightdresses And Pyajamas Of Artificial Fibres","Nos","9.67","24.94","0.04"
"2023-11-01","Canada","CAN","124","Americas","19","Northern America","21","62081910","Slips And Peticots Of Cotn Othr Thn Hnd Prnt","Nos","0.35","2.93","0.0"
"2023-04-01","Brazil","BRA","76","Americas","19","Latin America and the Caribbean","419","85081100","Of A Power Not Exceeding 1,500 W And Having A Dust Bag Or Other Receptacle Capacity Not Exceeding 20 L","Nos","0.94","17.69","0.02"
"2023-11-01","Mexico","MEX","484","Americas","19","Latin America and the Caribbean","419","72223012","Bright Bars-Nckl Chromium Austenitic Type","Kgs","152.62","347.54","0.42"
"2019-08-01","Ecuador","ECU","218","Americas","19","Latin America and the Caribbean","419","87141090","Parts And Accessories Of Motorcycle Excl. Saddle","Kgs","14.7","52.82","0.07"
"2019-03-01","United States of America","USA","840","Americas","19","Northern America","21","39261099","Other Office Or School Supplies Nes","Kgs","75.3","173.23","0.25"
"2024-03-01","Mexico","MEX","484","Americas","19","Latin America and the Caribbean","419","85437092","Equipment Or Gadgets Based On Solar Energy","Nos","0.52","467.22","0.56"
"2024-02-01","United States of America","USA","840","Americas","19","Northern America","21","71042120","Non-Industrial Diamonds","Crt","0.63","43.05","0.05"
"2023-10-01","Brazil","BRA","76","Americas","19","Latin America and the Caribbean","419","49030020","Childrens Drawing Or Colorng Books","Kgs","151.69","358.2","0.43"
"2024-05-01","Mexico","MEX","484","Americas","19","Latin America and the Caribbean","419","73181500","Othr Screws And Bolts W/N Wth Nuts Or Washers Threaded","Kgs","67.77","242.23","0.29"
"2020-02-01","Aruba","ABW","533","Americas","19","Latin America and the Caribbean","419","73110090","Other Pressure Containers For Transport Or Storage Of Compressed Gases","Kgs","27.7","115.22","0.16"
"2022-01-01","United States of America","USA","840","Americas","19","Northern America","21","34060010","Candles","Kgs","1059.54","3203.61","4.3"
"2017-12-01","United States of America","USA","840","Americas","19","Northern America","21","73181900","Other Threaded Articles","Kgs","3109.5","1936.22","3.01"
"2018-02-01","Argentina","ARG","032","Americas","19","Latin America and the Caribbean","419","53050040","C0Ir Pith","Kgs","24.0","5.23","0.01"
"2018-06-01","Guatemala","GTM","320","Americas","19","Latin America and the Caribbean","419","85365020","Other Switches Of Plastics","Nos","0.21","0.09","0.0"
"2019-01-01","Canada","CAN","124","Americas","19","Northern America","21","71179010","Jewellery Set With Imitation Pearls Or Imitation Or Synthetic Stones","Kgs","0.03","5.06","0.01"
"2019-07-01","Canada","CAN","124","Americas","19","Northern America","21","51071090","Other Woollen Yarn","Kgs","0.01","0.14","0.0"
"2019-08-01","United States of America","USA","840","Americas","19","Northern America","21","32041139","Other Disperse Red","Kgs","11.05","169.63","0.24"
"2015-03-01","Canada","CAN","124","Americas","19","Northern America","21","84314990","Prts Of Othr Macnry Of Hd 8426,8429,8430","Kgs","10.89","99.6","0.16"
"2024-04-01","United States of America","USA","840","Americas","19","Northern America","21","72283019","Bright Bars Ofother Stl","Kgs","0.13","6.21","0.01"
"2024-06-01","Bolivarian Republic of Venezuela","VEN","862","Americas","19","Latin America and the Caribbean","419","39172390","Othr Tube Pipeand Hoses Of Polyvinyl Chlorde","Kgs","13.98","16.72","0.02"
"2017-07-01","United States of America","USA","840","Americas","19","Northern America","21","6031100","Roses","Kgs","0.64","0.88","0.0"
"2017-07-01","Mexico","MEX","484","Americas","19","Latin America and the Caribbean","419","39140020","Ion-Exchanger Of The Polymerisation Or Copolymerisation Type","Kgs","69.47","73.14","0.11"
"2016-08-01","United States of America","USA","840","Americas","19","Northern America","21","62031100","Suits Of Wool Or Fine Animal Hair","Nos","13.49","363.82","0.54"
"2015-07-01","Panama","PAN","591","Americas","19","Latin America and the Caribbean","419","87032191","Motor Car Wth Cylndr Cpcty<=1000 Wth Sprk-Igntn","Nos","0.02","53.21","0.08"
"2019-10-01","Peru","PER","604","Americas","19","Latin America and the Caribbean","419","68030000","Wrkd Slate And Artcls Of Slate/Aglmrtd Slate","Kgs","0.78","3.7","0.01"
"2023-12-01","Uruguay","URY","858","Americas","19","Latin America and the Caribbean","419","23099090","Other Preparations Of Animal Feeding","Kgs","11.55","18.03","0.02"
"2023-03-01","Brazil","BRA","76","Americas","19","Latin America and the Caribbean","419","29182120","Sodium Salicylate","Kgs","4.0","15.07","0.02"
"2018-11-01","Cayman Islands","CYM","136","Americas","19","Latin America and the Caribbean","419","30044100","Containing Ephedrine Or Its Salts","Kgs","0.0","0.08","0.0"
"2019-12-01","United States of America","USA","840","Americas","19","Northern America","21","84821051","Ball Bearings(Thrust Type)<=50 Mm Or 2 Inches Bore Diameter","Nos","0.18","0.93","0.0"
"2015-12-01","Dominican Republic","DOM","214","Americas","19","Latin America and the Caribbean","419","82041110","Hnd-Oprted Spaners Non Adjustable","Kgs","1.62","3.0","0.0"
"2022-02-01","Bolivia","BOL","68","Americas","19","Latin America and the Caribbean","419","87141090","Parts And Accessories Of Motorcycle Excl. Saddle","Kgs","2.04","14.23","0.02"
"2017-03-01","Colombia","COL","170","Americas","19","Latin America and the Caribbean","419","34021300","*Non-Ionic W/N For Rtl Sale","Kgs","17.46","22.1","0.03"
"2022-05-01","Argentina","ARG","32","Americas","19","Latin America and the Caribbean","419","32041680","Reactive Blacks","Kgs","70.0","182.0","0.24"
"2022-10-01","Trinidad and Tobago","TTO","780","Americas","19","Latin America and the Caribbean","419","84151010","Split System Aircondtng Mchns,Cmprsng Motr-Drvn Fan And Elmnts Fr Chng Tmprtr And Humdty","Nos","0.04","14.18","0.02"
"2020-12-01","Ecuador","ECU","218","Americas","19","Latin America and the Caribbean","419","90321010","Thermostats Fr Rfrgtng And Air-Cndng Machnry","Nos","1.68","4.28","0.01"
"2017-05-01","Argentina","ARG","032","Americas","19","Latin America and the Caribbean","419","33019017","Nut Meg Oleoresins","Kgs","0.05","0.84","0.0"
"2019-11-01","United States of America","USA","840","Americas","19","Northern America","21","57024110","Crpts Of Wool/Fine Anml Hair","Sqm","117.97","1634.3","2.29"
"2023-01-01","Mexico","MEX","484","Americas","19","Latin America and the Caribbean","419","29415000","Erthromycin And Its Drvtvs Slts Thereof","Kgs","6.5","518.66","0.63"
"2021-12-01","Ecuador","ECU","218","Americas","19","Latin America and the Caribbean","419","33019049","Othr Conc Of Esnl Oils In Fats/Fixd/Wax Obtained By Cold Absorption Or Maceration","Kgs","0.02","0.09","0.0"
"2021-04-01","Canada","CAN","124","Americas","19","Northern America","21","84689000","Parts Of Articles Of Heading 8468","Kgs","13.22","48.97","0.07"
"2021-04-01","Guyana","GUY","328","Americas","19","Latin America and the Caribbean","419","30042064","Azithromycin","Kgs","0.03","7.59","0.01"
"2020-04-01","Canada","CAN","124","Americas","19","Northern America","21","44219990","Other","Kgs","0.54","1.23","0.0"
"2018-10-01","Canada","CAN","124","Americas","19","Northern America","21","59119090","Others","Kgs","0.34","3.28","0.0"
"2024-03-01","Chile","CHL","152","Americas","19","Latin America and the Caribbean","419","63049999","Other Furnishing Articles Nec","Nos","4.27","4.72","0.01"
"2019-04-01","Uruguay","URY","858","Americas","19","Latin America and the Caribbean","419","84212300","Oil/Prtl-Fltrs Fr Intrnl Cmbstn Engns","Nos","1.15","0.62","0.0"
"2020-02-01","Bahamas","BHS","044","Americas","19","Latin America and the Caribbean","419","87033291","Motor Car Cylndr Cpcty>1500 Cc Bt<=2500 Ccwth Cmprsn Igntn","Nos","0.01","42.9","0.06"
"2019-08-01","Panama","PAN","591","Americas","19","Latin America and the Caribbean","419","48239030","Plain Or Embossed Seals Made Of Paper Laminated Papr Or Papr Gaskets.","Kgs","0.13","0.17","0.0"
"2022-08-01","Argentina","ARG","32","Americas","19","Latin America and the Caribbean","419","95030010","Electronic Toys Etc.","Nos","1.2","2.05","0.0"
"2021-02-01","Brazil","BRA","076","Americas","19","Latin America and the Caribbean","419","32041216","Acid Greens(Azo)","Kgs","0.5","1.89","0.0"
"2020-06-01","United States of America","USA","840","Americas","19","Northern America","21","43023000","Whole Fur Skins And Pcs/Cutngs Throf Asmbld","Kgs","0.06","0.51","0.0"
"2016-07-01","Mexico","MEX","484","Americas","19","Latin America and the Caribbean","419","91052900","Other Wall Clocks","Nos","2.15","8.85","0.01"
"2019-01-01","El Salvador","SLV","222","Americas","19","Latin America and the Caribbean","419","69072100","Of A Water Absorption Coefficient By Weight Not Exceeding 0.5%","Sqm","5.32","20.56","0.03"